build_rss_bytes,build_seconds,build_threads,defines,deleted,dim,ef,ef_construction,elements,index_file_size,iterations,k,m,max_rss_kb,qps_mean,queries,query_iteration_mean_seconds,query_iteration_median_seconds,query_iteration_min_seconds,query_mode,query_rss_bytes,query_seconds,recall_mean,repetition,threads,timed_queries,us_per_query,variant,variant_build_seconds,warmup,warmup_recall,warmup_seconds
6477803520,200.7085601463914,24,,0,768,64,200,1000000,3220518424,5,10,16,6674584,11453.425427965916,100000,8.731012449413537,8.740703400224447,8.367577362805605,indexed,6834622464,43.65506224706769,0.29514,1,24,500000,87.31012449413538,baseline_768t24_r10,20.64175457879901,10000,0.2959,1.0576420538127422
6477791232,198.1592939607799,24,,0,768,64,200,1000000,3220518424,5,10,16,6674516,10903.688975248831,100000,9.171208040416241,8.984908990561962,8.479418843984604,indexed,6834544640,45.8560402020812,0.29305,2,24,500000,91.7120804041624,baseline_768t24_r10,20.64175457879901,10000,0.2995,1.1185294352471828
6477795328,199.09664412215352,24,,0,768,64,200,1000000,3220518424,5,10,16,6674576,10735.005386943603,100000,9.315319032967091,8.94295447319746,8.70817844569683,indexed,6834614272,46.57659516483545,0.28988,3,24,500000,93.1531903296709,baseline_768t24_r10,20.64175457879901,10000,0.2895,1.1896145157516003
6477791232,198.36237754300237,24,,0,768,64,200,1000000,3220518492,5,10,16,6674688,11371.443720097943,100000,8.79395813420415,8.852199498564005,8.52578604593873,indexed,6834728960,43.969790671020746,0.29374,4,24,500000,87.93958134204149,baseline_768t24_r10,20.64175457879901,10000,0.2925,1.1863731667399406
6477778944,201.41695005819201,24,,0,768,64,200,1000000,3220518424,5,10,16,6674504,10378.103709254534,100000,9.635671679675578,8.957595106214285,8.155671913176775,indexed,6834532352,48.178358398377895,0.2917,5,24,500000,96.35671679675579,baseline_768t24_r10,20.64175457879901,10000,0.2958,1.4608958400785923
6477570048,200.80930680036545,24,,0,768,64,200,1000000,3220518288,5,10,16,6674368,11010.929100482199,100000,9.081885741651059,8.791225757449865,8.011674407869577,indexed,6834393088,45.40942870825529,0.29213,6,24,500000,90.81885741651058,baseline_768t24_r10,20.64175457879901,10000,0.295,1.5745304115116596
6477824000,198.5746708959341,24,,0,768,64,200,1000000,3220518424,5,10,16,6674604,11011.206687300304,100000,9.081656792014837,9.022581301629543,8.118069671094418,indexed,6834642944,45.408283960074186,0.29118,7,24,500000,90.81656792014837,baseline_768t24_r10,20.64175457879901,10000,0.29,1.1522942818701267
6477795328,198.0631725564599,24,,0,768,64,200,1000000,3220518764,5,10,16,6674576,10763.099076195354,100000,9.291004318743944,8.863190814852715,8.460529528558254,indexed,6834614272,46.45502159371972,0.2928,8,24,500000,92.91004318743944,baseline_768t24_r10,20.64175457879901,10000,0.2981,1.1923012137413025
6477594624,199.3857306241989,24,,0,768,64,200,1000000,3220518152,5,10,16,6674316,10997.00218808849,100000,9.093387296795845,8.73709798231721,8.550263475626707,indexed,6834348032,45.466936483979225,0.29234,9,24,500000,90.93387296795845,baseline_768t24_r10,20.64175457879901,10000,0.2919,1.0471507161855698
6477594624,200.31380204856396,24,,0,768,64,200,1000000,3220518084,5,10,16,6674316,11410.69938489662,100000,8.763704714924097,8.644217185676098,8.071680314838886,indexed,6834348032,43.818523574620485,0.29228,10,24,500000,87.63704714924097,baseline_768t24_r10,20.64175457879901,10000,0.2943,1.1528616324067116
